id,latitude,longitude,acq_date,acq_time,satellite,instrument,frp,brightness,bright_t31,daynight,scan,track,current_predicted_class,is_tentative,attribution_status,landcover_source,valid_coverage,cropland_fraction,tree_fraction,shrub_fraction,grass_fraction,other_fraction,industrial_anomaly_status,reviewer_label,reviewer_notes
347961,31.25821,74.14293,2026-09-07 16:18:00+00:00,,,,1.21,0.0,,,0.4,,Other / uncertain thermal anomaly,False,,,,,,,,,,,
292497,8.3895,80.2097,2026-09-07 02:05:00+00:00,,,,9.34,0.0,,,0.33,,Other / uncertain thermal anomaly,False,,,,,,,,,,,
131722,8.65117,80.70818,2026-09-10 02:50:00+00:00,,,,4.04,0.0,,,0.46,,Other / uncertain thermal anomaly,False,,,,,,,,,,,
131822,31.56346,74.60093,2026-09-10 02:58:00+00:00,,,,4.09,0.0,,,0.42,,Other / uncertain thermal anomaly,False,,,,,,,,,,,
365288,8.64313,78.06151,2026-09-06 02:26:00+00:00,,,,3.63,0.0,,,0.44,,Other / uncertain thermal anomaly,False,,,,,,,,,,,
187365,18.55849,74.3116,2026-09-09 03:11:00+00:00,,,,8.74,0.0,,,0.49,,Other / uncertain thermal anomaly,False,,,,,,,,,,,
176104,26.87366,73.51543,2026-09-10 15:23:00+00:00,,,,0.82,0.0,,,0.41,,Other / uncertain thermal anomaly,False,,,,,,,,,,,
234843,9.48111,78.22231,2026-09-08 03:28:00+00:00,,,,3.12,0.0,,,0.44,,Other / uncertain thermal anomaly,False,,,,,,,,,,,
117308,15.17631,76.65878,2026-09-11 15:06:00+00:00,,,,1.95,0.0,,,0.39,,Mining / smelter-associated thermal anomaly,False,,,,,,,,,Unusual-pattern evidence,,
278509,24.66258,74.636,2026-09-08 15:59:00+00:00,,,,1.81,0.0,,,0.63,,Other / uncertain thermal anomaly,False,,,,,,,,,,,
117329,7.65734,80.63947,2026-09-11 15:08:00+00:00,,,,1.93,0.0,,,0.57,,Other / uncertain thermal anomaly,False,,,,,,,,,,,
347674,28.03946,69.6724,2026-09-07 16:18:00+00:00,,,,1.96,0.0,,,0.52,,Other / uncertain thermal anomaly,False,,,,,,,,,,,
365264,8.30794,81.00919,2026-09-06 02:26:00+00:00,,,,5.61,0.0,,,0.46,,Other / uncertain thermal anomaly,False,,,,,,,,,,,
346534,20.86487,84.99614,2026-09-07 14:40:00+00:00,,,,1.87,0.0,,,0.38,,Industrial-associated thermal anomaly,False,,,,,,,,,Unusual-pattern evidence,,
365204,6.75454,81.35403,2026-09-06 02:26:00+00:00,,,,11.62,0.0,,,0.46,,Other / uncertain thermal anomaly,False,,,,,,,,,,,
407316,15.18263,76.66628,2026-09-06 14:59:00+00:00,,,,4.01,0.0,,,0.43,,Mining / smelter-associated thermal anomaly,False,,,,,,,,,Unusual-pattern evidence,,
346632,12.09858,76.79456,2026-09-07 14:42:00+00:00,,,,0.66,0.0,,,0.47,,Other / uncertain thermal anomaly,False,,,,,,,,,,,
365191,6.22826,80.84173,2026-09-06 02:26:00+00:00,,,,6.27,0.0,,,0.49,,Other / uncertain thermal anomaly,False,,,,,,,,,,,
278536,26.87394,73.51777,2026-09-08 15:59:00+00:00,,,,1.38,0.0,,,0.49,,Other / uncertain thermal anomaly,False,,,,,,,,,,,
234847,10.26803,77.25012,2026-09-08 03:28:00+00:00,,,,4.37,0.0,,,0.38,,Other / uncertain thermal anomaly,False,,,,,,,,,,,
74550,29.13163,75.77078,2026-09-11 02:37:00+00:00,,,,3.84,0.0,,,0.4,,Industrial-associated thermal anomaly,False,,,,,,,,,Unusual-pattern evidence,,
187370,18.691,73.03982,2026-09-09 03:11:00+00:00,,,,8.26,0.0,,,0.43,,Industrial-associated thermal anomaly,False,,,,,,,,,Unusual-pattern evidence,,
407243,21.5443,81.94603,2026-09-06 14:57:00+00:00,,,,1.19,0.0,,,0.4,,Industrial-associated thermal anomaly,False,,,,,,,,,Unusual-pattern evidence,,
292488,8.13118,80.02525,2026-09-07 02:05:00+00:00,,,,5.23,0.0,,,0.35,,Other / uncertain thermal anomaly,False,,,,,,,,,,,
187293,8.21031,80.56414,2026-09-09 03:09:00+00:00,,,,5.45,0.0,,,0.57,,Other / uncertain thermal anomaly,False,,,,,,,,,,,
407297,13.39207,80.103,2026-09-06 14:59:00+00:00,,,,0.59,0.0,,,0.4,,Other / uncertain thermal anomaly,False,,,,,,,,,,,
292486,8.06883,80.6097,2026-09-07 02:05:00+00:00,,,,8.99,0.0,,,0.64,,Other / uncertain thermal anomaly,False,,,,,,,,,,,
234845,9.84427,77.43711,2026-09-08 03:28:00+00:00,,,,1.08,0.0,,,0.39,,Other / uncertain thermal anomaly,False,,,,,,,,,,,
224416,26.87392,73.51785,2026-09-09 15:40:00+00:00,,,,1.08,0.0,,,0.43,,Other / uncertain thermal anomaly,False,,,,,,,,,,,
187353,13.86723,77.47733,2026-09-09 03:11:00+00:00,,,,4.47,0.0,,,0.43,,Other / uncertain thermal anomaly,False,,,,,,,,,,,
187330,9.38469,80.47755,2026-09-09 03:09:00+00:00,,,,10.9,0.0,,,0.59,,Other / uncertain thermal anomaly,False,,,,,,,,,,,
187385,22.35983,82.30304,2026-09-09 03:13:00+00:00,,,,8.43,0.0,,,0.56,,Mining / smelter-associated thermal anomaly,False,,,,,,,,,Unusual-pattern evidence,,
365329,20.96956,86.01638,2026-09-06 02:28:00+00:00,,,,7.92,0.0,,,0.56,,Industrial-associated thermal anomaly,False,,,,,,,,,Unusual-pattern evidence,,
131737,8.7123,80.66652,2026-09-10 02:50:00+00:00,,,,8.84,0.0,,,0.46,,Other / uncertain thermal anomaly,False,,,,,,,,,,,
117297,24.19785,82.71539,2026-09-11 15:04:00+00:00,,,,2.61,0.0,,,0.44,,Other / uncertain thermal anomaly,False,,,,,,,,,,,
407252,21.74232,83.84026,2026-09-06 14:57:00+00:00,,,,4.04,0.0,,,0.45,,Mining / smelter-associated thermal anomaly,False,,,,,,,,,Unusual-pattern evidence,,
407296,24.76391,74.60693,2026-09-06 14:57:00+00:00,,,,2.03,0.0,,,0.47,,Industrial-associated thermal anomaly,False,,,,,,,,,Unusual-pattern evidence,,
234938,26.15266,68.60349,2026-09-08 03:35:00+00:00,,,,6.53,0.0,,,0.53,,Other / uncertain thermal anomaly,False,,,,,,,,,,,
187489,31.12366,74.67133,2026-09-09 03:15:00+00:00,,,,6.33,0.0,,,0.48,,Other / uncertain thermal anomaly,False,,,,,,,,,,,
187296,8.2188,81.07023,2026-09-09 03:09:00+00:00,,,,10.97,0.0,,,0.62,,Other / uncertain thermal anomaly,False,,,,,,,,,,,
131740,8.82125,80.62144,2026-09-10 02:50:00+00:00,,,,23.1,0.0,,,0.45,,Other / uncertain thermal anomaly,False,,,,,,,,,,,
346612,21.87935,83.54838,2026-09-07 14:40:00+00:00,,,,0.9,0.0,,,0.41,,Other / uncertain thermal anomaly,False,,,,,,,,,,,
292601,36.96814,81.35114,2026-09-07 02:14:00+00:00,,,,2.94,0.0,,,0.38,,Other / uncertain thermal anomaly,False,,,,,,,,,,,
365265,8.36934,80.17639,2026-09-06 02:26:00+00:00,,,,12.84,0.0,,,0.5,,Other / uncertain thermal anomaly,False,,,,,,,,,,,
407197,17.95553,80.79343,2026-09-06 14:57:00+00:00,,,,1.46,0.0,,,0.39,,Mining / smelter-associated thermal anomaly,False,,,,,,,,,Unusual-pattern evidence,,
346471,22.35425,82.30378,2026-09-07 14:38:00+00:00,,,,1.04,0.0,,,0.46,,Mining / smelter-associated thermal anomaly,False,,,,,,,,,Unusual-pattern evidence,,
292468,7.29839,81.84305,2026-09-07 02:05:00+00:00,,,,4.05,0.0,,,0.54,,Other / uncertain thermal anomaly,False,,,,,,,,,,,
347490,32.12922,74.17644,2026-09-07 16:16:00+00:00,,,,1.06,0.0,,,0.39,,Other / uncertain thermal anomaly,False,,,,,,,,,,,
224466,22.26339,75.13261,2026-09-09 15:42:00+00:00,,,,1.44,0.0,,,0.39,,Other / uncertain thermal anomaly,False,,,,,,,,,,,
187352,12.56395,79.11487,2026-09-09 03:09:00+00:00,,,,15.8,0.0,,,0.53,,Other / uncertain thermal anomaly,False,,,,,,,,,,,
